config,profit_target_pct,stop_rule,stop_credit_multiple,time_stop_dte,trades,win_rate,total_pnl,expectancy,profit_factor,sharpe,max_dd_pct,avg_win,avg_loss,worst_trade,stopped,level_broke,modelled_exits
hold/nostop,,none,2.0,,180,0.8555555555555555,40186.50000000006,223.25833333333367,1.2974448894458197,0.41547838278635435,-0.33242231826513996,1138.261038961039,-5196.373076923075,-10460.800000000003,0,0,0.0
hold/nostop+TS5,,none,2.0,5.0,199,0.7738693467336684,73437.55726694938,369.0329510901979,1.5772423017448285,0.6629649239956842,-0.22334457537434999,1302.980056378781,-2827.1415870085093,-11943.146316536382,0,0,0.9899497487437185
hold/nostop+TS3,,none,2.0,3.0,191,0.806282722513089,84570.89523435626,442.7795562008181,1.661324275885746,0.7316850616887721,-0.22628897111988747,1379.5586008781602,-3456.246737861634,-12013.988829305286,0,0,0.9581151832460733
hold/stop1.5x,,credit_multiple,1.5,,191,0.7539267015706806,58177.41884119257,304.5938159224742,1.350134212648474,0.5737886978906621,-0.19197613342368025,1557.88125,-3535.2655565703685,-11811.581921474935,39,0,0.18324607329842935
hold/stop1.5x+TS5,,credit_multiple,1.5,5.0,205,0.7365853658536585,55390.126197534664,270.1957375489496,1.3699140606826137,0.5804243094549475,-0.23683637179597625,1358.4632406824871,-2772.9226508429792,-8925.892839420243,34,0,0.9707317073170731
hold/stop1.5x+TS3,,credit_multiple,1.5,3.0,200,0.75,76130.21949190102,380.6510974595051,1.4826642504844663,0.7236905874440361,-0.25572295583160676,1559.0624291299846,-3154.582897551934,-9917.658710466934,36,0,0.935
hold/stop2x,,credit_multiple,2.0,,190,0.7947368421052632,68230.88862326655,359.10994012245555,1.4158169520617834,0.6208324633939023,-0.2560481028898086,1538.5407284768212,-4207.40413786496,-14383.600000000004,27,0,0.13684210526315788
hold/stop2x+TS5,,credit_multiple,2.0,5.0,205,0.751219512195122,57040.377110082685,278.24574200040337,1.3736135899588944,0.588205302554894,-0.2588779371073511,1361.7694316902134,-2993.5708896119636,-11380.86733800177,22,0,0.9853658536585366
hold/stop2x+TS3,,credit_multiple,2.0,3.0,199,0.7839195979899497,89792.81062179568,451.22015387837024,1.590762575812679,0.7967243709952818,-0.25093308021684174,1549.9202669260546,-3534.7616515969507,-12518.954071801945,23,0,0.9547738693467337
hold/stop2.5x,,credit_multiple,2.5,,188,0.8085106382978723,87051.35564407948,463.0391257663802,1.5556821444361228,0.7043136374115716,-0.25058921258919803,1603.3427631578945,-4351.576232108904,-15691.200000000006,22,0,0.11170212765957444
hold/stop2.5x+TS5,,credit_multiple,2.5,5.0,204,0.7647058823529411,94145.95557167308,461.4997822140837,1.711135451292354,0.7984919406223567,-0.19446055958176495,1452.1421420519343,-2758.087887258931,-9917.658710466934,16,0,0.9852941176470589
hold/stop2.5x+TS3,,credit_multiple,2.5,3.0,198,0.797979797979798,123886.01819856983,625.6869605988376,1.9305837785594608,0.9413200568214993,-0.20244331166837046,1626.665974648259,-3328.180144896378,-11955.311825767534,17,0,0.9545454545454546
hold/stop3x,,credit_multiple,3.0,,184,0.8152173913043478,64102.665631369186,348.38405234439773,1.4092450543323887,0.5879454447363812,-0.2720053844381514,1471.5936666666669,-4606.952481430319,-13076.000000000004,17,0,0.08695652173913049
hold/stop3x+TS5,,credit_multiple,3.0,5.0,203,0.7733990147783252,87231.61281047756,429.71237837673675,1.6766336097578782,0.7579289123890194,-0.19138051958559688,1376.7619388406201,-2802.608947554345,-9917.658710466934,14,0,0.9852216748768473
hold/stop3x+TS3,,credit_multiple,3.0,3.0,197,0.8071065989847716,113054.93164219393,573.882901737025,1.8712537822548059,0.895472826473712,-0.19124296162241444,1527.1454484758813,-3414.768280670295,-11955.311825767534,15,0,0.9543147208121827
hold/stopLVL,,level_break,2.0,,220,0.5045454545454545,-16574.14378925407,-75.33701722388214,0.8318834142078667,-0.10727204183581233,-0.3213215144838713,738.8563795382654,-904.4697423669866,-4655.290571036811,0,153,0.5
hold/stopLVL+TS5,,level_break,2.0,5.0,230,0.4956521739130435,-18872.13411630013,-82.05275702739188,0.8127160342766493,-0.1427839868341488,-0.34777614334283696,718.3802666723379,-868.6852113529882,-4655.290571036811,0,152,0.8
hold/stopLVL+TS3,,level_break,2.0,3.0,226,0.4911504424778761,-19571.355041101207,-86.5989161110673,0.8015500463297911,-0.15230219609736773,-0.3437255431479912,712.1599695972687,-857.5748840556348,-4073.3792496572105,0,156,0.7920353982300885
PT25/nostop,0.25,none,2.0,,236,0.9364406779661016,31307.785926718152,132.66010985897523,1.282576036712375,0.39269321715904404,-0.20631106022251058,642.9954114331135,-7386.279999999994,-10460.800000000003,0,0,0.8305084745762712
PT25/nostop+TS5,0.25,none,2.0,5.0,242,0.871900826446281,63097.86605938356,260.734983716461,1.774812208376298,0.6479718240331573,-0.1662241587806653,684.9962104685011,-2626.9785274022634,-10574.338186882216,0,0,0.9132231404958677
PT25/nostop+TS3,0.25,none,2.0,3.0,239,0.899581589958159,71389.40896491191,298.70045592013355,1.8791014498232195,0.705143695725864,-0.1501200194844507,709.7518902779165,-3383.6353102016724,-10926.972096057814,0,0,0.9121338912133892
PT25/stop1.5x,0.25,credit_multiple,1.5,,248,0.8467741935483871,15840.979851736985,63.874918757003975,1.126830932330557,0.2677183686170376,-0.27917438326976746,670.1874980661336,-3286.7998616355553,-8268.107345032457,37,0,0.8790322580645161
PT25/stop1.5x+TS5,0.25,credit_multiple,1.5,5.0,249,0.8192771084337349,11035.463717050994,44.319131393779095,1.0986840430076497,0.2168396554680472,-0.2999176923874285,602.2631660654937,-2485.027159117994,-6049.198017403672,33,0,0.8835341365461847
PT25/stop1.5x+TS3,0.25,credit_multiple,1.5,3.0,248,0.8387096774193549,23784.95357097478,95.90707085070476,1.2116178769238979,0.3554636985138462,-0.2921294003959582,654.7150023634342,-2809.8941730154884,-6884.994236157203,34,0,0.8830645161290323
PT25/stop2x,0.25,credit_multiple,2.0,,241,0.9004149377593361,40864.932705238396,169.56403612132115,1.3435734157875452,0.4847800416048129,-0.23359253388062354,736.4324277643466,-4955.871004984368,-11768.400000000005,20,0,0.8755186721991701
PT25/stop2x+TS5,0.25,credit_multiple,2.0,5.0,246,0.8455284552845529,26471.709990700627,107.60857719797002,1.2519242178616237,0.36887950926418656,-0.25042690330245737,632.4508537281606,-2765.2123048620197,-9104.693870401416,17,0,0.9065040650406504
PT25/stop2x+TS3,0.25,credit_multiple,2.0,3.0,243,0.8724279835390947,47399.25413162674,195.0586589778878,1.4738394880825882,0.5615887141425131,-0.2179440223205443,695.4318621765605,-3226.848408058196,-9871.872951532981,18,0,0.9053497942386831
PT25/stop2.5x,0.25,credit_multiple,2.5,,239,0.9121338912133892,47305.142917082245,197.92946827231066,1.4047059966681603,0.55495441443802,-0.22887058111133307,753.1780627968587,-5566.079751077761,-11768.400000000005,16,0,0.8744769874476988
PT25/stop2.5x+TS5,0.25,credit_multiple,2.5,5.0,244,0.8565573770491803,46470.08204858795,190.45115593683587,1.499994902126907,0.5577699765141391,-0.17883616051393134,667.0392045442541,-2655.460334318889,-9613.03471534747,12,0,0.9098360655737705
PT25/stop2.5x+TS3,0.25,credit_multiple,2.5,3.0,242,0.8842975206611571,65021.41768053814,268.68354413445513,1.7211335913296737,0.70233139670284,-0.16626467931714567,725.1728161204657,-3220.1987489014823,-10926.972096057814,13,0,0.9090909090909091
PT25/stop3x,0.25,credit_multiple,3.0,,238,0.9201680672268907,47494.7389407623,199.55772664185838,1.4125710548363692,0.5566457927618865,-0.21749731600875505,742.5281748664327,-6058.891123946653,-11768.400000000005,14,0,0.8697478991596639
PT25/stop3x+TS5,0.25,credit_multiple,3.0,5.0,243,0.8600823045267489,46185.52188230309,190.06387605886044,1.5070203820013872,0.558239480088269,-0.18167071330406642,656.8304487274461,-2679.177702992151,-9613.03471534747,10,0,0.9094650205761317
PT25/stop3x+TS3,0.25,credit_multiple,3.0,3.0,240,0.8875,64811.123615116914,270.04634839632047,1.742271080225556,0.7064099058504073,-0.15931748986872735,714.2054089843837,-3233.8751295761786,-10926.972096057814,11,0,0.9083333333333333
PT25/stopLVL,0.25,level_break,2.0,,253,0.6047430830039525,-21558.647122129754,-85.21204396098717,0.7620149332442472,-0.1866219732034772,-0.32565679927958335,451.17377611083765,-905.8823486708789,-4655.290571036811,0,120,0.7351778656126482
PT25/stopLVL+TS5,0.25,level_break,2.0,5.0,253,0.6047430830039525,-21558.647122129754,-85.21204396098717,0.7620149332442472,-0.1866219732034772,-0.32565679927958335,451.17377611083765,-905.8823486708789,-4655.290571036811,0,120,0.7351778656126482
PT25/stopLVL+TS3,0.25,level_break,2.0,3.0,253,0.6047430830039525,-21558.647122129754,-85.21204396098717,0.7620149332442472,-0.1866219732034772,-0.32565679927958335,451.17377611083765,-905.8823486708789,-4655.290571036811,0,120,0.7351778656126482
PT50/nostop,0.5,none,2.0,,214,0.9158878504672897,50356.35873675976,235.31008755495213,1.4025359257857435,0.49317039926942957,-0.2370189521292681,895.1742792691821,-6949.877777777774,-11768.400000000005,0,0,0.8271028037383178
PT50/nostop+TS5,0.5,none,2.0,5.0,222,0.8018018018018018,57395.55452984409,258.5385339182166,1.481133672756602,0.5944226724789436,-0.1792136749935556,992.6285375126162,-2711.189207895491,-10288.16205902839,0,0,0.9594594594594594
PT50/nostop+TS3,0.5,none,2.0,3.0,219,0.8356164383561644,71310.58454527562,325.6191075126741,1.5929482815745992,0.7034197834966649,-0.17497833930360857,1046.857979407775,-3340.6784912874223,-11832.510051862124,0,0,0.9589041095890412
PT50/stop1.5x,0.5,credit_multiple,1.5,,226,0.8185840707964602,32792.310229979805,145.09871783176905,1.2032520074251958,0.4235990338075222,-0.22255253238007974,1049.354035035619,-3935.0777134538957,-10306.2,37,0,0.915929203539823
PT50/stop1.5x+TS5,0.5,credit_multiple,1.5,5.0,231,0.7619047619047619,31331.328678681617,135.6334574834702,1.2247050147407976,0.4182843698424615,-0.294350372064211,970.252736266056,-2535.148234620804,-7934.126968373547,34,0,0.9393939393939394
PT50/stop1.5x+TS3,0.5,credit_multiple,1.5,3.0,228,0.7894736842105263,52984.926765864606,232.39002967484475,1.3715600324472972,0.6256907765600698,-0.2708729037871222,1086.589896172953,-2970.859469693061,-8925.892839420243,35,0,0.9385964912280702
PT50/stop2x,0.5,credit_multiple,2.0,,223,0.8654708520179372,55995.91601224791,251.10276238676192,1.3569544681430339,0.59825149499406,-0.20757804765246043,1102.9390091696055,-5229.043758582865,-13076.000000000004,23,0,0.905829596412556
PT50/stop2x+TS5,0.5,credit_multiple,2.0,5.0,229,0.777292576419214,41880.624795873526,182.88482443612892,1.3038115488077449,0.5093665241093663,-0.26119313875903993,1009.7263611853518,-2702.9542646101777,-10242.780604201595,20,0,0.9563318777292577
PT50/stop2x+TS3,0.5,credit_multiple,2.0,3.0,225,0.8133333333333334,66122.34602184112,293.87709343040495,1.486392804286299,0.7322917729862771,-0.21228553545731035,1104.1895103467218,-3236.7698659906882,-11380.86733800177,22,0,0.9555555555555556
PT50/stop2.5x,0.5,credit_multiple,2.5,,223,0.8789237668161435,74807.34261423076,335.458935489824,1.503227311222177,0.7280475316283133,-0.20608129008825027,1140.114871589942,-5505.747119162883,-14383.600000000004,18,0,0.8923766816143498
PT50/stop2.5x+TS5,0.5,credit_multiple,2.5,5.0,229,0.7903930131004366,63890.525730954636,278.99792895613376,1.50409621659469,0.7025055093653877,-0.15499017328043038,1053.222353179173,-2640.4733373849103,-8925.892839420243,16,0,0.9563318777292577
PT50/stop2.5x+TS3,0.5,credit_multiple,2.5,3.0,224,0.8258928571428571,94335.02194274587,421.13849081582975,1.7638404338961604,0.9499786531188966,-0.12962696985631295,1177.4917593956518,-3166.6911165499932,-11955.311825767534,17,0,0.9553571428571429
PT50/stop3x,0.5,credit_multiple,3.0,,220,0.8863636363636364,65999.38936574975,299.9972243897716,1.4431430123224809,0.6664851918067843,-0.19131464431813036,1102.2263049336996,-5957.389603852867,-13076.000000000004,16,0,0.8863636363636364
PT50/stop3x+TS5,0.5,credit_multiple,3.0,5.0,227,0.7929515418502202,55800.95442727548,245.81918249901094,1.4369671764623384,0.6323106254310279,-0.15869200754381202,1019.4528743482393,-2717.0332543703735,-10187.64150202154,14,0,0.9559471365638766
PT50/stop3x+TS3,0.5,credit_multiple,3.0,3.0,223,0.8295964125560538,77611.50817271038,348.033668935921,1.6143520401648692,0.8296716243445567,-0.13465813178059358,1102.3901815208706,-3324.4914581223857,-11643.018859453186,15,0,0.9551569506726457
PT50/stopLVL,0.5,level_break,2.0,,243,0.5308641975308642,-23855.413274243558,-98.17042499688706,0.7544680409376497,-0.22571214252911598,-0.35215322573001756,568.2377124469402,-852.2638436833231,-4655.290571036811,0,140,0.7818930041152263
PT50/stopLVL+TS5,0.5,level_break,2.0,5.0,244,0.5327868852459017,-24307.160951853133,-99.61951209775874,0.7511390847073115,-0.231120709105472,-0.3573723695462212,564.3578248311208,-856.7866507008669,-4655.290571036811,0,140,0.7827868852459017
PT50/stopLVL+TS3,0.5,level_break,2.0,3.0,243,0.5308641975308642,-23855.413274243558,-98.17042499688706,0.7544680409376497,-0.22571214252911598,-0.35215322573001756,568.2377124469402,-852.2638436833231,-4655.290571036811,0,140,0.7818930041152263
PT75/nostop,0.75,none,2.0,,198,0.8888888888888888,62682.52568734529,316.57841256234997,1.457492604269846,0.5604245371842221,-0.2129284893492118,1134.6348050417341,-6227.872727272726,-13076.000000000004,0,0,0.7525252525252525
PT75/nostop+TS5,0.75,none,2.0,5.0,210,0.7761904761904762,64208.83071936726,305.75633675889173,1.516628349511833,0.6217659882988619,-0.1792861425116012,1156.4000255050955,-2644.3483710204955,-11023.030777530415,0,0,0.9809523809523809
PT75/nostop+TS3,0.75,none,2.0,3.0,203,0.812807881773399,85316.98553875083,420.28071693965927,1.674909976792816,0.7734427810699488,-0.18455592870741336,1283.208357589181,-3326.6419332490536,-11832.510051862124,0,0,0.9704433497536946
PT75/stop1.5x,0.75,credit_multiple,1.5,,209,0.7942583732057417,61508.23746079281,294.29778689374547,1.3436667956963548,0.6239709161980346,-0.16670351889605126,1448.7024874940587,-4162.241289842346,-12882.75,36,0,0.8755980861244019
PT75/stop1.5x+TS5,0.75,credit_multiple,1.5,5.0,216,0.7361111111111112,49446.09345823216,228.9170993436674,1.3523811464942253,0.550795737462249,-0.22848085926716621,1193.4969252223902,-2461.752941265402,-7934.126968373547,33,0,0.9583333333333334
PT75/stop1.5x+TS3,0.75,credit_multiple,1.5,3.0,212,0.7735849056603774,84889.04179064056,400.42000844641774,1.5673207862970353,0.8273314724625613,-0.20614554611524968,1430.003105363681,-3117.3222393542324,-9917.658710466934,34,0,0.9528301886792453
PT75/stop2x,0.75,credit_multiple,2.0,,205,0.8390243902439024,79921.49845422906,389.86096806941003,1.465612005869078,0.7272377660192085,-0.20054768289427394,1462.614972276079,-5201.462932644135,-14383.600000000004,23,0,0.8439024390243902
PT75/stop2x+TS5,0.75,credit_multiple,2.0,5.0,215,0.7534883720930232,57066.51827159774,265.4256663795244,1.4030953273947675,0.6043799124698691,-0.24110415308595776,1226.1561370248965,-2671.146715593122,-10242.780604201595,19,0,0.9767441860465116
PT75/stop2x+TS3,0.75,credit_multiple,2.0,3.0,210,0.8,90603.01139391412,431.442911399591,1.6322378650277831,0.8756374904895763,-0.19433083122930167,1392.3111370300733,-3412.0299911223397,-11380.86733800177,21,0,0.9666666666666667
PT75/stop2.5x,0.75,credit_multiple,2.5,,205,0.848780487804878,95544.54001542556,466.0709269045149,1.5755940877873593,0.8202788165826128,-0.1984702545410137,1503.0888172033385,-5354.610134772752,-15691.200000000006,19,0,0.8292682926829268
PT75/stop2.5x+TS5,0.75,credit_multiple,2.5,5.0,215,0.7627906976744186,76156.55909055093,354.2165539095392,1.5761370582205323,0.7515351101909892,-0.1478640491083111,1270.3741119779663,-2591.85873085952,-8925.892839420243,16,0,0.9767441860465116
PT75/stop2.5x+TS3,0.75,credit_multiple,2.5,3.0,211,0.8104265402843602,109359.39912409887,518.2909911094733,1.8294313899143133,1.0080878351970866,-0.13181208090945956,1410.5733168638462,-3296.2159514904706,-11955.311825767534,17,0,0.966824644549763
PT75/stop3x,0.75,credit_multiple,3.0,,202,0.8564356435643564,79760.62911207732,394.8545995647392,1.4714988837308358,0.732716829511888,-0.19951374873796435,1438.8705897542538,-5833.240790186503,-14383.600000000004,16,0,0.8168316831683169
PT75/stop3x+TS5,0.75,credit_multiple,3.0,5.0,214,0.7663551401869159,61804.89054947312,288.8078997638931,1.4676756134595275,0.6647104762688653,-0.15857384254710444,1182.6720878773365,-2643.0666372482005,-10187.64150202154,14,0,0.9766355140186916
PT75/stop3x+TS3,0.75,credit_multiple,3.0,3.0,208,0.8125,99161.83648814127,476.73959850067916,1.7340203894983888,0.9541065159497146,-0.16446306491506585,1386.12990317425,-3463.9517217514617,-12370.707538169012,15,0,0.9663461538461539
PT75/stopLVL,0.75,level_break,2.0,,234,0.5085470085470085,-19218.5768763095,-82.13067041157906,0.8058229294777686,-0.153417336653908,-0.3288899826128296,670.2177725614164,-860.6477548792873,-4655.290571036811,0,150,0.7991452991452992
PT75/stopLVL+TS5,0.75,level_break,2.0,5.0,236,0.5084745762711864,-18701.96901170233,-79.24563140551835,0.8141607786390831,-0.142226916780605,-0.33005542204128174,682.7770057161616,-867.5449111865665,-4655.290571036811,0,149,0.8008474576271186
PT75/stopLVL+TS3,0.75,level_break,2.0,3.0,234,0.5085470085470085,-19218.5768763095,-82.13067041157906,0.8058229294777686,-0.153417336653908,-0.3288899826128296,670.2177725614164,-860.6477548792873,-4655.290571036811,0,150,0.7991452991452992
